Position,Rank,Name,Points,Now Cost
MID,1,Mohamed Salah,239.00,131
MID,2,Martin Ødegaard,212.00,69
MID,3,Marcus Rashford,205.00,72
MID,4,Bukayo Saka,202.00,80
MID,5,Gabriel Martinelli Silva,198.00,65
MID,6,Kevin De Bruyne,183.00,121
MID,7,Bruno Borges Fernandes,176.00,95
MID,8,Pascal Groß,159.00,54
MID,9,Eberechi Eze,159.00,57
MID,10,Miguel Almirón Rejala,158.00,54
MID,11,Leandro Trossard,154.00,66
MID,12,Granit Xhaka,153.00,48
MID,13,Son Heung-min,152.00,115
MID,14,Solly March,147.00,52
MID,15,Morgan Gibbs-White,145.00,55
MID,16,Jarrod Bowen,145.00,80
MID,17,Douglas Luiz Soares de Paulo,142.00,48
MID,18,Phil Foden,142.00,80
MID,19,James Ward-Prowse,142.00,61
MID,20,Alexis Mac Allister,140.00,56
MID,21,Kaoru Mitoma,138.00,57
MID,22,Harvey Barnes,138.00,66
MID,23,Jacob Ramsey,135.00,51
MID,24,James Maddison,135.00,78
MID,25,Jack Harrison,134.00,57
MID,26,Mathias Jensen,132.00,48
MID,27,Michael Olise,132.00,53
MID,28,Ilkay Gündogan,132.00,74
MID,29,Rodrigo Moreno,127.00,63
MID,30,Philip Billing,126.00,50
MID,31,Alex Iwobi,126.00,49
MID,32,Dwight McNeil,126.00,52
MID,33,Riyad Mahrez,126.00,75
MID,34,Andreas Hoelgebaum Pereira,123.00,43
MID,35,Joe Willock,123.00,47
MID,36,Jack Grealish,121.00,71
MID,37,Pierre-Emile Højbjerg,120.00,53
MID,38,Rúben da Silva Neves,118.00,52
MID,39,Emiliano Buendía Stati,117.00,57
MID,40,Willian Borges da Silva,116.00,55
MID,41,Declan Rice,116.00,47
MID,42,Joelinton Cássio Apolinário de Lira,115.00,60
MID,43,Yoane Wissa,111.00,53
MID,44,Rodrigo Hernandez,108.00,56
MID,45,Harrison Reed,107.00,43
MID,46,Bruno Guimarães Rodriguez Moura,107.00,55
MID,47,Bernardo Veiga de Carvalho e Silva,106.00,67
MID,48,Saïd Benrahma,106.00,55
MID,49,Jadon Sancho,105.00,71
MID,50,Jordan Ayew,104.00,52
MID,51,Christian Eriksen,103.00,62
MID,52,Jefferson Lerma Solís,101.00,47
MID,53,Raheem Sterling,101.00,97
MID,54,Leon Bailey,100.00,43
MID,55,Tomas Soucek,100.00,50
MID,56,Lucas Tolentino Coelho de Lima,98.00,59
MID,57,Dejan Kulusevski,96.00,78
MID,58,Wilfried Zaha,95.00,72
MID,59,Marcus Tavernier,94.00,47
MID,60,Sean Longstaff,93.00,43
MID,61,Daniel Castelo Podence,92.00,51
MID,62,Demarai Gray,91.00,51
MID,63,John McGinn,90.00,51
MID,64,Bobby De Cordova-Reid,90.00,54
MID,65,Cody Gakpo,90.00,76
MID,66,Jeffrey Schlupp,89.00,47
MID,67,Carlos Henrique Casimiro,87.00,49
MID,68,Thomas Partey,86.00,47
MID,69,Youri Tielemans,86.00,61
MID,70,Vitaly Janelt,85.00,55
MID,71,João Palhinha Gonçalves,83.00,49
MID,72,Brenden Aaronson,83.00,53
MID,73,Mason Mount,82.00,72
MID,74,Kiernan Dewsbury-Hall,82.00,49
MID,75,Antony Matheus dos Santos,82.00,73
MID,76,Josh Dasilva,81.00,41
MID,77,Matheus Luiz Nunes,80.00,48
MID,78,Jorge Luiz Frello Filho,79.00,57
MID,79,Moisés Caicedo Corozo,79.00,50
MID,80,Jacob Murphy,78.00,42
MID,81,Amadou Onana,77.00,47
MID,82,Abdoulaye Doucouré,76.00,53
MID,83,Cheick Doucouré,74.00,50
MID,84,Crysencio Summerville,74.00,42
MID,85,Christian Nørgaard,71.00,53
MID,86,Rodrigo Bentancur,71.00,53
MID,87,Pablo Fornals Malla,71.00,49
MID,88,Fabio Henrique Tavares,70.00,52
MID,89,Jordan Henderson,69.00,53
MID,90,Harry Wilson,68.00,57
MID,91,Anthony Gordon,68.00,51
MID,92,Marc Roca Junqué,67.00,48
MID,93,Conor Gallagher,66.00,56
MID,94,Idrissa Gueye,66.00,47
MID,95,Allan Saint-Maximin,66.00,61
MID,96,Adama Traoré Diarra,66.00,53
MID,97,Ryan Christie,64.00,53
MID,98,Luis Díaz,62.00,78
MID,99,Harvey Elliott,62.00,48
MID,100,Frederico Rodrigues de Paula Santos,62.00,51
MID,101,Mohamed Elyounoussi,62.00,51
MID,102,Jaidon Anthony,61.00,52
MID,103,Hwang Hee-chan,60.00,57
MID,104,Roméo Lavia,57.00,45
MID,105,Stuart Armstrong,57.00,47
MID,106,João Filipe Iria Santos Moutinho,56.00,46
MID,107,Carlos Alcaraz,55.00,50
MID,108,Remo Freuler,54.00,49
MID,109,Mateo Kovacic,53.00,49
MID,110,Tom Cairney,53.00,47
MID,111,Luis Sinisterra Lucumí,53.00,65
MID,112,Ryan Yates,53.00,50
MID,113,Curtis Jones,52.00,49
MID,114,Lewis Cook,51.00,49
MID,115,Orel Mangala,50.00,49
MID,116,Dango Ouattara,49.00,50
MID,117,Theo Walcott,49.00,48
MID,118,Danilo dos Santos de Oliveira,48.00,45
MID,119,Adam Lallana,47.00,48
MID,120,Tyler Adams,47.00,49
MID,121,Ruben Loftus-Cheek,46.00,50
MID,122,Joe Ayodele-Aribo,46.00,50
MID,123,Daniel James,45.00,59
MID,124,Kamaldeen Sulemana,45.00,49
MID,125,Boubacar Kamara,44.00,48
MID,126,Manor Solomon,44.00,49
MID,127,Oliver Skipp,43.00,43
MID,128,Reiss Nelson,42.00,47
MID,129,Enzo Fernández,42.00,50
MID,130,James Milner,42.00,44
MID,131,Will Hughes,41.00,48
MID,132,Wilfred Ndidi,41.00,48
MID,133,Boubakary Soumaré,41.00,44
MID,134,Fábio Ferreira Vieira,40.00,56
MID,135,Neeskens Kebano,40.00,54
MID,136,Christian Pulisic,39.00,56
MID,137,Alejandro Garnacho,39.00,41
MID,138,Frank Onyeka,38.00,48
MID,139,Ainsley Maitland-Niles,38.00,48
MID,140,Leander Dendoncker,37.00,47
MID,141,Pedro Lomba Neto,37.00,49
MID,142,Scott McTominay,36.00,49
MID,143,Cheikhou Kouyaté,35.00,44
MID,144,Mario Lemina,35.00,45
MID,145,Dennis Praet,34.00,48
MID,146,Joe Rothwell,33.00,49
MID,147,Mikkel Damsgaard,33.00,50
MID,148,Hakim Ziyech,33.00,55
MID,149,Jesse Lingard,33.00,54
MID,150,Philippe Coutinho Correia,32.00,66
MID,151,Weston McKennie,31.00,46
MID,152,Nampalys Mendy,30.00,42
MID,153,Thiago Alcántara do Nascimento,30.00,51
MID,154,Elliot Anderson,30.00,43
MID,155,Shandon Baptiste,29.00,45
MID,156,Kevin Schade,29.00,49
MID,157,Gonçalo Manuel Ganchinho Guedes,29.00,58
MID,158,Mateus Cardoso Lemos Martins,27.00,49
MID,159,Fábio Freitas Gouveia Carvalho,27.00,51
MID,160,Moussa Djenepo,27.00,49
MID,161,Yves Bissouma,27.00,47
MID,162,Flynn Downes,27.00,42
MID,163,Pablo Sarabia,27.00,49
MID,164,Facundo Buonanotte,26.00,45
MID,165,Noni Madueke,26.00,54
MID,166,Mykhailo Mudryk,25.00,64
MID,167,James Garner,25.00,45
MID,168,Marcel Sabitzer,25.00,47
MID,169,Albert Sambi Lokonga,23.00,43
MID,170,Luka Milivojevic,23.00,42
MID,171,Anthony Elanga,23.00,46
MID,172,Samuel Edozie,23.00,46
MID,173,Stefan Bajcetic,22.00,43
MID,174,Lewis O'Brien,22.00,47
MID,175,Billy Gilmour,21.00,42
MID,176,João Victor Gomes da Silva,21.00,45
MID,177,Bertrand Traoré,20.00,49
MID,178,Alex Oxlade-Chamberlain,20.00,49
MID,179,Lewis Hall,19.00,43
MID,180,Tom Davies,19.00,49
MID,181,Ayoze Pérez,19.00,47
MID,182,Cole Palmer,19.00,42
MID,183,Ibrahima Diallo,19.00,41
MID,184,Emile Smith Rowe,18.00,56
MID,185,Carney Chukwuemeka,18.00,42
MID,186,N'Golo Kanté,18.00,48
MID,187,Lucas Rodrigues Moura da Silva,17.00,58
MID,188,Manuel Lanzini,17.00,50
MID,189,Jeremy Sarmiento Morante,16.00,45
MID,190,Adam Forshaw,16.00,44
MID,191,Jonjo Shelvey,16.00,48
MID,192,Saman Ghoddos,15.00,48
MID,193,Sasa Lukic,15.00,45
MID,194,Arnaut Danjuma,15.00,61
MID,195,Hamed Traorè,14.00,45
MID,196,Keane Lewis-Potter,14.00,52
MID,197,Kalvin Phillips,14.00,48
MID,198,Jack Colback,14.00,41
MID,199,Pape Matar Sarr,14.00,42
MID,200,Maxwel Cornet,14.00,59
MID,201,Boubacar Traoré,14.00,43
MID,202,Denis Zakaria,13.00,49
MID,203,Marc Albrighton,13.00,47
MID,204,Mateusz Klich,12.00,46
MID,205,Enock Mwepu,11.00,53
MID,206,Ryan Fraser,11.00,52
MID,207,André Ayew,11.00,50
MID,208,Naby Keita,10.00,47
MID,209,Ben Pearson,9.00,44
MID,210,Bryan Gil Salvatierra,9.00,50
MID,211,Donny van de Beek,8.00,51
MID,212,Naouirou Ahamada,7.00,45
MID,213,Mohamed Elneny,6.00,41
MID,214,Siriki Dembélé,6.00,47
MID,215,Jairo Riedewald,6.00,42
MID,216,David Brooks,5.00,53
MID,217,Gustavo Henrique Furtado Scarpa,5.00,46
MID,218,Joseph Hodge,5.00,43
MID,219,Chem Campbell,5.00,44
MID,220,Junior Stanislas,4.00,48
MID,221,James McArthur,4.00,48
MID,222,Facundo Pellistri Rebollo,4.00,43
MID,223,Yasin Ayari,3.00,45
MID,224,Malcolm Ebiowei,3.00,42
MID,225,Luke Harris,3.00,43
MID,226,Morgan Sanson,2.00,43
MID,227,Jamal Lowe,2.00,52
MID,228,Dele Alli,2.00,53
MID,229,Josh Onomah,2.00,43
MID,230,Ben Doak,2.00,45
MID,231,Oriol Romeu Vidal,2.00,48
MID,232,Marcus Oliveira Alencar,1.00,46
MID,233,Ethan Nwaneri,1.00,45
MID,234,Emiliano Marcondes,1.00,47
MID,235,Andrew Moran,1.00,45
MID,236,Jack Hinshelwood,1.00,45
MID,237,Cameron Peupion,1.00,45
MID,238,Omari Hutchinson,1.00,42
MID,239,David Ozoh,1.00,45
MID,240,Nathaniel Chalobah,1.00,44
MID,241,Tyrese Francois,1.00,44
MID,242,Darko Gyabi,1.00,42
MID,243,Bobby Clark,1.00,45
MID,244,Máximo Perrone,1.00,44
MID,245,Shea Charles,1.00,45
MID,246,Kobbie Mainoo,1.00,45
MID,247,Lewis Miley,1.00,45
MID,248,Carlos Ribeiro Dias,1.00,42
MID,249,Alex Mighten,1.00,49
MID,250,Nathan Redmond,1.00,53
MID,251,Mislav Orsic,1.00,51
MID,252,Kamari Doyle,1.00,45
MID,253,Samuel Amo-Ameyaw,1.00,45
MID,254,Harvey White,1.00,44
MID,255,George Abbott,1.00,45
MID,256,Matthew Craig,1.00,45
MID,257,Conor Coventry,1.00,44
MID,258,Connor Ronan,1.00,44
MID,259,Nicolas Pépé,0.00,53
MID,260,Lucas Torreira di Pascua,0.00,45
MID,261,Matthew Smith,0.00,44
MID,262,Amario Cozier-Duberry,0.00,45
MID,263,Mauro Bandeira,0.00,45
MID,264,Marvelous Nakamba,0.00,43
MID,265,Tim Iroegbunam,0.00,45
MID,266,Anwar El Ghazi,0.00,48
MID,267,Jaden Philogene-Bidace,0.00,45
MID,268,Kadan Young,0.00,45
MID,269,Travis Patterson,0.00,45
MID,270,Tommi O'Reilly,0.00,45
MID,271,Michael Dacosta Gonzalez,0.00,44
MID,272,Mads Bidstrup,0.00,45
MID,273,Ryan Trevitt,0.00,44
MID,274,Yegor Yarmolyuk,0.00,45
MID,275,Michael Olakigbe,0.00,45
MID,276,Steven Alzate,0.00,44
MID,277,Jakub Moder,0.00,44
MID,278,Taylor Richards,0.00,45
MID,279,Kacper Kozłowski,0.00,45
MID,280,Ross Barkley,0.00,49
MID,281,Callum Hudson-Odoi,0.00,53
MID,282,Harvey Vale,0.00,45
MID,283,Andrey Nascimento dos Santos,0.00,45
MID,284,Jesurun Rak-Sakyi,0.00,45
MID,285,Kaden Rodney,0.00,45
MID,286,Killian Phillips,0.00,45
MID,287,Jack Wells-Morrison,0.00,45
MID,288,Andros Townsend,0.00,54
MID,289,Allan Marques Loureiro,0.00,48
MID,290,André Tavares Gomes,0.00,45
MID,291,Jean-Philippe Gbamin,0.00,45
MID,292,Stanley Mills,0.00,43
MID,293,Lewis Warrington,0.00,44
MID,294,Isaac Price,0.00,45
MID,295,Sean McAllister,0.00,45
MID,296,Anthony Knockaert,0.00,47
MID,297,Ivan Neves Abreu Cavaleiro,0.00,48
MID,298,Martial Godo,0.00,45
MID,299,Kristian Sekularac,0.00,45
MID,300,Matthew Dibley-Dias,0.00,45
MID,301,Hamza Choudhury,0.00,45
MID,302,Sammy Braybrooke,0.00,45
MID,303,Kasey McAteer,0.00,45
MID,304,Wanya Marçal-Madivadua,0.00,45
MID,305,Tyler Roberts,0.00,50
MID,306,Raphael Dias Belloli,0.00,70
MID,307,Jamie Shackleton,0.00,45
MID,308,Lewis Bate,0.00,45
MID,309,Archie Gray,0.00,45
MID,310,Arthur Henrique Ramos de Oliveira Melo,0.00,48
MID,311,James McAtee,0.00,45
MID,312,Claudio Gomes,0.00,45
MID,313,Ben Knight,0.00,45
MID,314,Alex Robertson,0.00,45
MID,315,Nico O'Reilly,0.00,45
MID,316,Amad Diallo,0.00,44
MID,317,Zidane Iqbal,0.00,42
MID,318,Jeff Hendrick,0.00,45
MID,319,Garang Kuol,0.00,45
MID,320,Harry Arter,0.00,41
MID,321,Joe Lolley,0.00,49
MID,322,Xande Nascimento da Costa Silva,0.00,50
MID,323,Braian Ojeda Rodríguez,0.00,45
MID,324,Oliver Hammond,0.00,42
MID,325,Nathan Tella,0.00,50
MID,326,Will Smallbone,0.00,45
MID,327,Lewis Payne,0.00,45
MID,328,Ryan Finnigan,0.00,45
MID,329,Harry Winks,0.00,44
MID,330,Steven Bergwijn,0.00,55
MID,331,Alfie Devine,0.00,43
MID,332,Romaine Mundle,0.00,45
MID,333,Yago de Santiago Alonso,0.00,45
MID,334,Nikola Vlasic,0.00,50
MID,335,Armstrong Oko-Flex,0.00,44
MID,336,Luke Cundle,0.00,44
MID,337,Francisco Jorge Tomás Oliveira,0.00,50
MID,338,Harvey Griffiths,0.00,44
DEF,1,Kieran Trippier,198.00,60
DEF,2,Benjamin White,156.00,50
DEF,3,Trent Alexander-Arnold,156.00,78
DEF,4,Gabriel dos Santos Magalhães,146.00,52
DEF,5,Ben Mee,143.00,48
DEF,6,Fabian Schär,139.00,51
DEF,7,Tyrone Mings,130.00,47
DEF,8,Dan Burn,129.00,45
DEF,9,Sven Botman,129.00,45
DEF,10,Pervis Estupiñán,128.00,50
DEF,11,Virgil van Dijk,127.00,66
DEF,12,Luke Shaw,124.00,53
DEF,13,Andrew Robertson,121.00,68
DEF,14,William Saliba,117.00,49
DEF,15,Timothy Castagne,114.00,43
DEF,16,Rico Henry,112.00,44
DEF,17,Ethan Pinnock,112.00,44
DEF,18,Lewis Dunk,112.00,48
DEF,19,Ezri Konsa Ngoyo,110.00,44
DEF,20,Max Kilman,109.00,43
DEF,21,James Tarkowski,106.00,41
DEF,22,Diogo Dalot Teixeira,102.00,48
DEF,23,Oleksandr Zinchenko,99.00,50
DEF,24,Ben Davies,99.00,47
DEF,25,Tim Ream,98.00,45
DEF,26,Eric Dier,96.00,50
DEF,27,Joël Veltman,95.00,46
DEF,28,Marc Guéhi,95.00,45
DEF,29,Ivan Perišić,94.00,53
DEF,30,Tyrick Mitchell,93.00,44
DEF,31,Antonee Robinson,93.00,44
DEF,32,John Stones,93.00,56
DEF,33,Nathan Aké,92.00,50
DEF,34,Kenny Tete,90.00,44
DEF,35,Kurt Zouma,88.00,44
DEF,36,Ashley Young,87.00,43
DEF,37,Emerson Leite de Souza Junior,86.00,48
DEF,38,Manuel Akanji,82.00,51
DEF,39,Lisandro Martínez,81.00,44
DEF,40,Thiago Emiliano da Silva,80.00,54
DEF,41,Joachim Andersen,80.00,45
DEF,42,Rúben Gato Alves Dias,80.00,60
DEF,43,Issa Diop,79.00,43
DEF,44,Joel Ward,78.00,44
DEF,45,Wout Faes,78.00,42
DEF,46,Conor Coady,77.00,47
DEF,47,Raphaël Varane,77.00,48
DEF,48,Adam Webster,75.00,45
DEF,49,Vitalii Mykolenko,75.00,41
DEF,50,Craig Dawson,75.00,48
DEF,51,Nélson Cabral Semedo,75.00,50
DEF,52,Adam Smith,74.00,43
DEF,53,Kalidou Koulibaly,74.00,55
DEF,54,Aaron Cresswell,74.00,47
DEF,55,João Cancelo,73.00,71
DEF,56,Alexandre Moreno Lopera,72.00,45
DEF,57,Romain Perraud,71.00,40
DEF,58,Ben Chilwell,70.00,56
DEF,59,Serge Aurier,70.00,43
DEF,60,Marcos Senesi,69.00,44
DEF,61,Kyle Walker,69.00,47
DEF,62,Joseph Gomez,68.00,43
DEF,63,Aaron Wan-Bissaka,67.00,43
DEF,64,Thilo Kehrer,67.00,43
DEF,65,Pascal Struijk,66.00,45
DEF,66,Cristian Romero,66.00,49
DEF,67,Marc Cucurella Saseta,65.00,49
DEF,68,Aaron Hickey,63.00,49
DEF,69,Seamus Coleman,63.00,41
DEF,70,Clément Lenglet,63.00,48
DEF,71,Tyrell Malacia,62.00,42
DEF,72,Joe Worrall,61.00,42
DEF,73,Lloyd Kelly,60.00,43
DEF,74,Luke Ayling,59.00,45
DEF,75,Pedro Porro,59.00,48
DEF,76,Vladimir Coufal,58.00,40
DEF,77,Nayef Aguerd,58.00,48
DEF,78,Matty Cash,57.00,46
DEF,79,Victor Lindelöf,57.00,41
DEF,80,Renan Augusto Lodi dos Santos,56.00,43
DEF,81,Kyle Walker-Peters,56.00,44
DEF,82,Robin Koch,55.00,45
DEF,83,Neco Williams,54.00,38
DEF,84,Daniel Amartey,51.00,39
DEF,85,Rasmus Kristensen,51.00,47
DEF,86,Lucas Digne,50.00,45
DEF,87,Trevoh Chalobah,49.00,44
DEF,88,Tosin Adarabioyo,49.00,44
DEF,89,Ibrahima Konaté,49.00,49
DEF,90,Armel Bella-Kotchap,49.00,45
DEF,91,Nathan Collins,49.00,42
DEF,92,Mads Roerslev Rasmussen,48.00,43
DEF,93,Konstantinos Tsimikas,48.00,43
DEF,94,Jordan Zemura,47.00,42
DEF,95,Levi Colwill,46.00,44
DEF,96,Mathias Jorgensen,45.00,39
DEF,97,César Azpilicueta,45.00,47
DEF,98,James Justin,45.00,41
DEF,99,Jonathan Castro Otto,45.00,43
DEF,100,Reece James,44.00,58
DEF,101,Nathaniel Clyne,44.00,45
DEF,102,Angelo Ogbonna,44.00,44
DEF,103,Chris Mepham,43.00,43
DEF,104,Toti António Gomes,43.00,39
DEF,105,Rayan Aït-Nouri,41.00,41
DEF,106,Hugo Bueno López,41.00,38
DEF,107,Benoît Badiashile,40.00,50
DEF,108,Aymeric Laporte,40.00,56
DEF,109,Scott McKenna,40.00,44
DEF,110,Michael Keane,39.00,42
DEF,111,Harry Maguire,39.00,47
DEF,112,Emerson Palmieri dos Santos,39.00,40
DEF,113,Kieran Tierney,37.00,46
DEF,114,Wesley Fofana,37.00,43
DEF,115,Willy Boly,37.00,41
DEF,116,Joel Matip,36.00,59
DEF,117,Jack Stephens,35.00,43
DEF,118,Matt Targett,35.00,47
DEF,119,Matt Doherty,35.00,46
DEF,120,Ryan Sessegnon,35.00,44
DEF,121,Yerry Mina,33.00,43
DEF,122,Mohammed Salisu,33.00,42
DEF,123,Takehiro Tomiyasu,32.00,42
DEF,124,Jan Bednarek,32.00,41
DEF,125,Nathan Patterson,31.00,39
DEF,126,Liam Cooper,31.00,44
DEF,127,Junior Firpo Adames,30.00,45
DEF,128,Harry Toffolo,30.00,43
DEF,129,Pontus Jansson,29.00,42
DEF,130,Kristoffer Ajer,29.00,45
DEF,131,Rico Lewis,29.00,38
DEF,132,Lyanco Silveira Neves Vojnovic,29.00,44
DEF,133,Ben Johnson,29.00,44
DEF,134,Matías Viña,28.00,45
DEF,135,Luke Thomas,28.00,39
DEF,136,Duje Caleta-Car,28.00,44
DEF,137,Davinson Sánchez,28.00,42
DEF,138,Jakub Kiwior,26.00,40
DEF,139,Maximilian Wöber,25.00,44
DEF,140,Moussa Niakhaté,25.00,43
DEF,141,Felipe Augusto de Almeida Monteiro,25.00,45
DEF,142,Tariq Lamptey,23.00,42
DEF,143,Rob Holding,21.00,42
DEF,144,Sergio Gómez,21.00,44
DEF,145,Jonny Evans,20.00,44
DEF,146,Ricardo Barbosa Pereira,20.00,42
DEF,147,Harry Souttar,20.00,45
DEF,148,Steve Cook,20.00,43
DEF,149,Ben Godfrey,18.00,43
DEF,150,Mason Holgate,16.00,42
DEF,151,Çaglar Söyüncü,16.00,42
DEF,152,Victor Kristiansen,16.00,45
DEF,153,Diego Llorente,16.00,44
DEF,154,Calum Chambers,13.00,42
DEF,155,Chris Richards,13.00,44
DEF,156,Ryan Fredericks,12.00,44
DEF,157,Cédric Alves Soares,10.00,42
DEF,158,James Tomkins,8.00,39
DEF,159,Illia Zabarnyi,7.00,45
DEF,160,Kevin Mbabu,7.00,43
DEF,161,Matt Ritchie,7.00,42
DEF,162,Jack Stacey,6.00,42
DEF,163,Jan Paul van Hecke,6.00,40
DEF,164,Sergi Canós Tenés,5.00,50
DEF,165,Diego Carlos Santos Silva,4.00,47
DEF,166,Mads Bech Sørensen,4.00,45
DEF,167,Shane Duffy,4.00,42
DEF,168,Javier Manquillo Gaitán,4.00,42
DEF,169,Juan Larios López,4.00,40
DEF,170,James Bree,4.00,45
DEF,171,Japhet Tanganga,4.00,38
DEF,172,Djed Spence,4.00,41
DEF,173,Nathaniel Phillips,3.00,38
DEF,174,Jamaal Lascelles,3.00,43
DEF,175,Ludwig Augustinsson,2.00,43
DEF,176,Rúben Nascimento Vinagre,2.00,43
DEF,177,Layvin Kurzawa,2.00,43
DEF,178,Jamal Lewis,2.00,44
DEF,179,Giulian Biancone,2.00,42
DEF,180,Tino Livramento,2.00,44
DEF,181,Owen Bevan,1.00,40
DEF,182,Odeluga Offiah,1.00,40
DEF,183,Lewis Brunt,1.00,39
DEF,184,Cody Drameh,1.00,40
DEF,185,Emil Krafth,1.00,43
DEF,186,Dexter Lembikisa,1.00,40
DEF,187,Nuno Varela Tavares,0.00,45
DEF,188,Pablo Marí Villar,0.00,45
DEF,189,Lino Sousa,0.00,40
DEF,190,Reuell Walters,0.00,40
DEF,191,Kortney Hause,0.00,44
DEF,192,Frédéric Guilbert,0.00,39
DEF,193,Kaine Kesler Hayden,0.00,40
DEF,194,Lamare Bogarde,0.00,40
DEF,195,Sil Swinkels,0.00,40
DEF,196,Sebastian Revan,0.00,40
DEF,197,James Hill,0.00,44
DEF,198,Ben Greenwood,0.00,40
DEF,199,Max Kinsey-Wellings,0.00,40
DEF,200,Charlie Goode,0.00,39
DEF,201,Dominic Thompson,0.00,40
DEF,202,Fin Stevens,0.00,40
DEF,203,Tristan Crama,0.00,40
DEF,204,Haydon Roberts,0.00,40
DEF,205,Matt Clarke,0.00,40
DEF,206,Ed Turns,0.00,40
DEF,207,James Furlong,0.00,40
DEF,208,Imari Samuels,0.00,40
DEF,209,Marcos Alonso,0.00,53
DEF,210,Robert Kenedy Nunes do Nascimento,0.00,39
DEF,211,Malang Sarr,0.00,50
DEF,212,Ethan Ampadu,0.00,44
DEF,213,Bashir Humphreys,0.00,45
DEF,214,Alfie Gilchrist,0.00,40
DEF,215,Nathan Ferguson,0.00,39
DEF,216,Kofi Balmer,0.00,40
DEF,217,Tayo Adaramola,0.00,40
DEF,218,Jarrad Branthwaite,0.00,40
DEF,219,Niels Nkounkou,0.00,40
DEF,220,Reece Welch,0.00,40
DEF,221,Kyle John,0.00,39
DEF,222,Ishé Samuels-Smith,0.00,40
DEF,223,Joe Bryan,0.00,44
DEF,224,Terence Kongolo,0.00,39
DEF,225,Stefan Parkes,0.00,40
DEF,226,Charlie Robinson,0.00,40
DEF,227,Ryan Bertrand,0.00,39
DEF,228,Jannik Vestergaard,0.00,38
DEF,229,Joe Wormleighton,0.00,40
DEF,230,Stuart Dallas,0.00,49
DEF,231,Leo Fuhr Hjelde,0.00,39
DEF,232,Jeremiah Chilokoa-Mullen,0.00,40
DEF,233,Diogo Pinheiro Monteiro,0.00,40
DEF,234,Calvin Ramsay,0.00,39
DEF,235,Rhys Williams,0.00,40
DEF,236,Ben Davies,0.00,40
DEF,237,Sepp van den Berg,0.00,40
DEF,238,Luke Chambers,0.00,40
DEF,239,Luke Mbete-Tabu,0.00,39
DEF,240,Josh Wilson-Esbrand,0.00,38
DEF,241,Phil Jones,0.00,38
DEF,242,Alex Telles,0.00,50
DEF,243,Eric Bailly,0.00,40
DEF,244,Brandon Williams,0.00,37
DEF,245,Rhys Bennett,0.00,40
DEF,246,Marc Jurado Gomez,0.00,40
DEF,247,Federico Fernández,0.00,44
DEF,248,Ciaran Clark,0.00,45
DEF,249,Paul Dummett,0.00,39
DEF,250,Harrison Ashby,0.00,38
DEF,251,Mohamed Dräger,0.00,40
DEF,252,Jonathan Panzo,0.00,40
DEF,253,Richie Laryea,0.00,45
DEF,254,Loïc Mbe Soh,0.00,42
DEF,255,Omar Richards,0.00,44
DEF,256,Loïc Badé,0.00,45
DEF,257,Yan Valery,0.00,40
DEF,258,Sergio Reguilón,0.00,42
DEF,259,Joe Rodon,0.00,40
DEF,260,Arthur Masuaku,0.00,45
DEF,261,Kaelan Casey,0.00,40
DEF,262,Yerson Mosquera Valdelamar,0.00,39
FWD,1,Erling Haaland,272.00,124
FWD,2,Harry Kane,263.00,115
FWD,3,Ivan Toney,182.00,71
FWD,4,Ollie Watkins,175.00,73
FWD,5,Callum Wilson,157.00,73
FWD,6,Bryan Mbeumo,150.00,57
FWD,7,Dominic Solanke,130.00,56
FWD,8,Gabriel Fernando de Jesus,125.00,81
FWD,9,Brennan Johnson,122.00,55
FWD,10,Aleksandar Mitrović,107.00,66
FWD,11,Roberto Firmino,104.00,80
FWD,12,Julián Álvarez,103.00,61
FWD,13,Kai Havertz,102.00,74
FWD,14,Darwin Núñez Ribeiro,100.00,86
FWD,15,Alexander Isak,100.00,70
FWD,16,Taiwo Awoniyi,100.00,56
FWD,17,Danny Ings,97.00,63
FWD,18,Che Adams,94.00,60
FWD,19,Danny Welbeck,91.00,65
FWD,20,Michail Antonio,84.00,69
FWD,21,Odsonne Edouard,82.00,50
FWD,22,Jamie Vardy,82.00,91
FWD,23,Kelechi Iheanacho,82.00,58
FWD,24,Diogo Teixeira da Silva,80.00,86
FWD,25,Carlos Vinícius Alves Morais,72.00,54
FWD,26,Patson Daka,70.00,56
FWD,27,Patrick Bamford,70.00,71
FWD,28,Anthony Martial,66.00,63
FWD,29,Evan Ferguson,65.00,46
FWD,30,Eddie Nketiah,63.00,63
FWD,31,Kieffer Moore,57.00,49
FWD,32,Julio Enciso,57.00,46
FWD,33,Wilfried Gnonto,55.00,47
FWD,34,Adam Armstrong,54.00,53
FWD,35,Richarlison de Andrade,54.00,84
FWD,36,Chris Wood,53.00,56
FWD,37,Deniz Undav,52.00,50
FWD,38,João Félix Sequeira,44.00,71
FWD,39,Jean-Philippe Mateta,41.00,51
FWD,40,Neal Maupay,41.00,56
FWD,41,Gianluca Scamacca,41.00,66
FWD,42,Dominic Calvert-Lewin,40.00,79
FWD,43,Emmanuel Dennis,39.00,56
FWD,44,Matheus Santos Carneiro Da Cunha,39.00,53
FWD,45,Diego Da Silva Costa,33.00,53
FWD,46,Sékou Mara,32.00,53
FWD,47,Sam Greenwood,30.00,41
FWD,48,Raúl Jiménez,29.00,65
FWD,49,Sam Surridge,26.00,46
FWD,50,Pierre-Emerick Aubameyang,25.00,84
FWD,51,Wout Weghorst,24.00,54
FWD,52,Armando Broja,21.00,52
FWD,53,Joe Gelhardt,20.00,51
FWD,54,Cristiano Ronaldo dos Santos Aveiro,20.00,102
FWD,55,Antoine Semenyo,18.00,50
FWD,56,Ellis Simms,17.00,45
FWD,57,Georginio Rutter,15.00,50
FWD,58,Paul Onuachu,14.00,53
FWD,59,Jhon Durán,11.00,55
FWD,60,Salomón Rondón,7.00,49
FWD,61,Jay Stansfield,7.00,45
FWD,62,Cameron Archer,6.00,42
FWD,63,Halil Dervişoğlu,4.00,45
FWD,64,David Datro Fofana,3.00,50
FWD,65,Mateo Joseph Fernández,3.00,45
FWD,66,Divin Mubama,3.00,45
FWD,67,Thomas Cannon,2.00,45
FWD,68,Dominic Ballard,2.00,45
FWD,69,Sasa Kalajdzic,1.00,53
FWD,70,Nathan Butler-Oyedeji,0.00,45
FWD,71,Keinan Davis,0.00,54
FWD,72,Christian Saydee,0.00,45
FWD,73,Daniel Adu-Adjei,0.00,45
FWD,74,Dominic Sadi,0.00,45
FWD,75,Euan Pollock,0.00,45
FWD,76,Marcus Forss,0.00,45
FWD,77,Timo Werner,0.00,79
FWD,78,Christian Benteke,0.00,55
FWD,79,Luke Plange,0.00,45
FWD,80,John-Kymani Gordon,0.00,45
FWD,81,Rodrigo Muniz Carvalho,0.00,54
FWD,82,Terry Ablade,0.00,45
FWD,83,Sonny Perkins,0.00,45
FWD,84,Liam Delap,0.00,44
FWD,85,Shola Shoretire,0.00,45
FWD,86,Dwight Gayle,0.00,45
FWD,87,Lyle Taylor,0.00,41
FWD,88,Dale Taylor,0.00,45
FWD,89,Jimmy Morgan,0.00,45
FWD,90,Dane Scarlett,0.00,45
FWD,91,Troy Parrott,0.00,45
FWD,92,Fabio Silva,0.00,55
FWD,93,Nathan Fraser,0.00,45
GK,1,David Raya Martin,166.00,48
GK,2,Alisson Ramses Becker,162.00,55
GK,3,David De Gea Quintana,161.00,51
GK,4,Nick Pope,157.00,54
GK,5,José Malheiro de Sá,148.00,50
GK,6,Aaron Ramsdale,143.00,48
GK,7,Bernd Leno,142.00,46
GK,8,Emiliano Martínez Romero,135.00,50
GK,9,Lukasz Fabianski,127.00,49
GK,10,Jordan Pickford,124.00,44
GK,11,Ederson Santana de Moraes,121.00,54
GK,12,Kepa Arrizabalaga,118.00,45
GK,13,Vicente Guaita,99.00,44
GK,14,Norberto Murara Neto,93.00,45
GK,15,Danny Ward,91.00,38
GK,16,Illan Meslier,90.00,44
GK,17,Hugo Lloris,89.00,54
GK,18,Gavin Bazunu,84.00,44
GK,19,Robert Sánchez,82.00,44
GK,20,Dean Henderson,82.00,46
GK,21,Jason Steele,65.00,40
GK,22,Keylor Navas,43.00,45
GK,23,Fraser Forster,40.00,39
GK,24,Sam Johnstone,36.00,44
GK,25,Daniel Iversen,29.00,39
GK,26,Mark Travers,28.00,41
GK,27,Edouard Mendy,24.00,48
GK,28,Stefan Ortega Moreno,23.00,37
GK,29,Martin Dubravka,11.00,41
GK,30,Robin Olsen,10.00,39
GK,31,Asmir Begović,9.00,38
GK,32,Wayne Hennessey,8.00,39
GK,33,Alex McCarthy,8.00,43
GK,34,Marek Rodák,7.00,43
GK,35,Joel Robles,7.00,40
GK,36,Alphonse Areola,7.00,43
GK,37,Daniel Bentley,6.00,40
GK,38,Joseph Whitworth,3.00,40
GK,39,Caoimhin Kelleher,2.00,39
GK,40,Matt Turner,0.00,38
GK,41,Karl Hein,0.00,39
GK,42,Filip Marschall,0.00,40
GK,43,Viljami Sinisalo,0.00,40
GK,44,Oliwier Zych,0.00,40
GK,45,James Wright,0.00,40
GK,46,Will Dennis,0.00,39
GK,47,Darren Randolph,0.00,40
GK,48,Cameron Plain,0.00,40
GK,49,Ellery Balcombe,0.00,40
GK,50,Thomas Strakosha,0.00,43
GK,51,Matthew Cox,0.00,39
GK,52,Kjell Scherpen,0.00,40
GK,53,Tom McGill,0.00,40
GK,54,Marcus Bettinelli,0.00,40
GK,55,Ethan Wady,0.00,40
GK,56,Remi Matthews,0.00,40
GK,57,Owen Goodman,0.00,40
GK,58,Eldin Jakupovic,0.00,40
GK,59,Andy Lonergan,0.00,40
GK,60,Paulo Gazzaniga Farias,0.00,40
GK,61,George Wickens,0.00,40
GK,62,Kasper Schmeichel,0.00,50
GK,63,Alex Smithies,0.00,39
GK,64,Kristoffer Klaesson,0.00,38
GK,65,Adrián San Miguel del Castillo,0.00,38
GK,66,Harvey Davies,0.00,40
GK,67,Zack Steffen,0.00,40
GK,68,Scott Carson,0.00,38
GK,69,Jack Butland,0.00,44
GK,70,Tom Heaton,0.00,38
GK,71,Matej Kovár,0.00,40
GK,72,Nathan Bishop,0.00,40
GK,73,Karl Darlow,0.00,39
GK,74,Loris Karius,0.00,39
GK,75,Mark Gillespie,0.00,40
GK,76,Brice Samba,0.00,45
GK,77,Jordan Smith,0.00,40
GK,78,George Shelvey,0.00,40
GK,79,Mateusz Lis,0.00,40
GK,80,Willy Caballero,0.00,38
GK,81,Brandon Austin,0.00,39
GK,82,Joseph Anang,0.00,40
GK,83,Krisztián Hegyi,0.00,39
GK,84,Matija Šarkić,0.00,39
GK,85,Jackson Smith,0.00,39
